<?xml version="1.0" encoding="UTF-8"?>
<project-private xmlns="http://www.netbeans.org/ns/project-private/1">
    <editor-bookmarks xmlns="http://www.netbeans.org/ns/editor-bookmarks/2" lastBookmarkId="0"/>
    <open-files xmlns="http://www.netbeans.org/ns/projectui-open-files/2">
        <group>
            <file>file:/C:/Users/Ikbal%20Ahmed/OneDrive/Documents/NetBeansProjects/GymManagementSystem/src/updateAndDeleteNew.java</file>
            <file>file:/C:/Users/Ikbal%20Ahmed/OneDrive/Documents/NetBeansProjects/GymManagementSystem/src/home.java</file>
            <file>file:/C:/Users/Ikbal%20Ahmed/OneDrive/Documents/NetBeansProjects/GymManagementSystem/src/MembershipForm.java</file>
            <file>file:/C:/Users/Ikbal%20Ahmed/OneDrive/Documents/NetBeansProjects/GymManagementSystem/src/Payment.java</file>
            <file>file:/C:/Users/Ikbal%20Ahmed/OneDrive/Documents/NetBeansProjects/GymManagementSystem/src/login.java</file>
            <file>file:/C:/Users/Ikbal%20Ahmed/OneDrive/Documents/NetBeansProjects/GymManagementSystem/src/project/ConnectionProvider.java</file>
            <file>file:/C:/Users/Ikbal%20Ahmed/OneDrive/Documents/NetBeansProjects/GymManagementSystem/src/listOfMembers.java</file>
            <file>file:/C:/Users/Ikbal%20Ahmed/OneDrive/Documents/NetBeansProjects/GymManagementSystem/src/TablePrintable.java</file>
            <file>file:/C:/Users/Ikbal%20Ahmed/OneDrive/Documents/NetBeansProjects/GymManagementSystem/src/MembershipFormTest.java</file>
            <file>file:/C:/Users/Ikbal%20Ahmed/OneDrive/Documents/NetBeansProjects/GymManagementSystem/src/NewMember.java</file>
            <file>file:/C:/Users/Ikbal%20Ahmed/OneDrive/Documents/NetBeansProjects/GymManagementSystem/src/gymmanagementsystem/GymManagementSystem.java</file>
        </group>
    </open-files>
</project-private>
